,keyf_num
yyywumlnhdw,4863
xXDAs23aSQc,5817
uXLbQrK6cXw,1584
Uha0XfGBdMw,2622
VFwHs7fEUNs,5454
YV5s07zI-Bg,4311
Uuz6SrxywFg,2325
Zxag9p-63RU,7077
xhn5_gUcO5E,1590
WZAttjca0b8,3081
VOhRKseKN2E,2919
XIizh6nYnTU,4539
xZ_IsVxIPTc,2274
TiRkJY3w-w4,4308
tRplNRHOtS0,6681
vSXUgkCjdBM,6471
Ze8Gshk53Y8,4185
uC5amKLgnFU,5562
VsEdmjAudSI,7095
wISRAOb6xm0,1545
y7KT6lZjk3A,4464
vLkBUix_D3U,4143
Y2DqFRsPrns,2688
xwcI3fkKeiw,2703
ZNSeUYw95NY,5685
uHBnrJowBZE,6294
YJKIypY3P-g,735
v-9H1A66SxI,3675
zsgrsiZoymA,8172
X7bRikS7C3o,2871
ZnR2KrXcovM,5598
ZZGkV_xWGw4,7410
VW-F1H-Nonk,3039
XS8gh5qMlFw,3687
TUTlOC4mVQ8,3351
WIASqPZqnhs,6432
Z-nyXX5zOLg,4224
Zvg_wK6smK4,2097
vIpqpRuGrq4,8328
Ypsnv50Af_I,2463
ZaaLsOyUm_Q,7614
UM-Xo8aSbcI,1167
Y_e_XzgStHk,3486
u_jE7-6Uv7E,3636
yAQcwKY0Dik,3111
tJehn9uSjQ0,2772
vlnUa_dNsRQ,3615
U4NT78c-pYs,7071
WAVj7WQfMaI,3891
xV5udqNpP94,3246
VNxwlx6etXI,6441
YG_a8lw512A,4923
uAOz_28BJ0g,10656
YmvHzCLP6ug,7647
YrTXTb03Ixc,4989
Tjtv8tVtVRw,5148
u--PYnIYewE,3960
uwysOfnX2Qg,2193
WTt8cCIvGYI,3696
yaqeXXuoD7I,5721
Zl_h9RaL0es,4674
zSLGPdpd2d0,4986
zVuuooZqVaU,2775
WFJgUm7iOKw,4731
W9SVyURGqvQ,3831
VYMqX3SKIGY,4092
uxjNDE2fMjI,5292
ZsJz2TJAPjw,7098
u9T5HMtr0WA,6441
XkyuV69YZcM,4260
ZR5xUl2Suew,6864
Yt7ofokzn04,7860
YWNWi-ZWL3c,7755
unEO_p71cik,4596
vgqG3ITMv1Q,5061
YT9VyEbUkCo,6486
uSbWTgIoz4g,4650
Y3cSmpfsl9c,3996
TfyunOnMGqM,5919
w8INBc01Zlo,4431
yGk2TojOd-4,5136
x5YmI2PW9R8,5415
wGPO15FSepQ,3714
UmJVFOKaGUY,9327
YqcQv3dt_hY,3108
vP0cUBi4hwE,6021
z_AguDqCBvo,5124
V75dMMIW2B4,11706
xNw6197sycg,5058
YOYArwQeESE,3453
YXu7kqD1JLs,5559
UsjdRsrR6cs,5730
TQkG2x3qTf4,4488
Y6Q_TD-P1CM,981
XdjrvwYO9nc,5559
v2uV0_1C4UM,7779
VMOugpyFf3A,699
X1rJvSF3l6k,5805
txgGhyjPZGg,4374
ofMkaGkyAPw,6900
Q48g1ijnSlI,3468
S-CAKV2CUU0,3426
o_TUxNsMh30,3531
SCTzYY95Aw4,4134
NkTrG-gpIzE,4329
oWJJGXvL7PM,4542
Pog1CbcVBJk,6771
NeHDZODFKNw,4470
OiTiKOy59o4,1110
R_0Ej5N-hFQ,4323
Slj4-Sv-YNA,7080
pOvfmpgbzHI,5565
SMAgwJrBeJM,3954
pMELrGHqKSo,2832
PVgUZ2NSzBo,8298
Oj55KinxZx4,6939
ruGHxmjQ180,8919
R_F-lVhSfx8,3789
SfoJx6t97RE,4230
P1yKN0llkrY,5448
owK1qxDselE,7827
NrmiHWJkEWc,5484
SRRN6MvCdeg,4239
qX1SSiFWF-s,7620
QE7CGX1d6LU,4341
PFWAOnvMd1Q,5934
NJQ4qEWm9lU,3729
pSTaJysUZxc,5565
pYq2tBf3p5s,402
RFuZhw5b1KA,4608
MpMGQgXbOgA,3783
p4NJHqoojOU,4326
NrPtr0aQx3s,3453
Ni6_91UhEc4,3303
naQr0uTrH_s,8010
syGGh1rbFCI,3465
Os1G8RtqY2c,7467
RU3eJmbyqzA,6669
T29kIOXpj6o,6345
QVtJgU6WTj8,2922
Rp0b5ZXIUvE,6654
OwIFRm7sy8E,5034
ONz6R4LF5nY,3816
RY-zJtYYolo,5142
shbZOZmoyF0,4443
SDnYMbYB-nU,8901
PQNLfo-SOR4,6030
rvpsiIe2vBE,4077
ni4tEtuTccc,4443
Rq9eM4ZXRgs,5541
p-pVxwaFuBs,8976
oNC3NYWh1vI,6171
TAK6ZmDVlNw,1938
Pqbz8yojxBY,2457
RFL8b1p1ELY,4992
ohkW_xbPl9A,8283
Q_2AbjYeSMI,4803
s9aIuPSvXX8,6711
ssWbGKTgXFc,9483
sE8hc4gVyGo,4344
OYViBfUvSOA,4347
pvT_9TqIEtM,774
s-HiQ9K2uf4,2679
NhYH26KTNbQ,6405
OpH8kO1AyVA,3924
sFXGrTng0gQ,8886
R_C_dPHEWN0,7755
pna8QJDfJUE,5184
rb9a00bXf-U,3951
Op9iQiB_ANI,990
oGYcxjywx0o,10746
q7j8leLG8fc,3048
NS3nTkvvHi8,4434
pknw1wh-2-U,5148
O92QxxgeCO8,4404
nk0JaEwhf00,3090
tav42JTdW4A,5373
s1Sp1QvyQQI,5259
p07lBCfC2q8,2937
q9Mr-iYZRZk,6963
rxY9fKgK5OQ,6612
Teot5igj2mU,4965
r5X-hFf6Bwo,12129
nzF3yoF7N_E,5394
s3nh5zcGUsE,2532
Rq7ecfLUtZI,6312
R0TDvYBW41U,3711
ryVsMV9uJVE,7398
NDgUNGYNd3o,3510
pYrrEUgnT6s,5484
PsD0NpFSADM,2730
OTn5XUFP_iA,5376
rTL1FmvVCuA,4824
TdpR8VuvbCM,4146
O7zvehDxttM,6093
p_TDzemiYu4,2814
qc4-3QmiFak,7182
qiSAbAuLhqs,2757
L6GGsl6XUNU,5028
KNbPnqyvItk,4992
IyaFEBI_L24,5373
lgo3Hb5vWLE,5358
HjDSFna_LXQ,5214
htlsOf3PnGY,348
KjzPi5hfv9c,7692
LVxH9UXEoMY,2532
LdsdcPJ9mcA,8889
JbTkdqYivuw,4878
hMbexEPAOQI,7764
LbkQTB-OJsk,5892
I5kzcwcQA1Q,6570
ldbkr2eN6qk,4194
IVX7OidrkXQ,3768
KzdNrWmAV0E,3885
mObK5XD8udk,4347
IHHPPX6dnYU,5178
mfI4hK9I2k0,7596
kE7Ue5hjJc0,6297
huNIMTdi6Es,2247
mAk4Dxie3tc,4671
keZXGaDvK2s,4185
jj6wcUes1no,5418
HSzx-zryEgM,4143
hPYRslx1w4Y,2301
iGAHnZ555nI,6810
iJxBKglv2zw,3411
KR5UBtAxseo,4650
I3s-Ca73utM,4299
IFwE3UgCMIk,4482
j9hYb6ggxoM,72
HtUQmRZMCYU,3267
jdRkhD_hmo0,2625
LTMwwa4gEuU,6129
kEutwdia8n0,6309
IF5hwg4FNEU,5217
jHg7L35MLqY,3540
iemU7EUQgmo,4035
Jvurpf91omw,7830
i-M5Qx57_UU,2073
kKLDqC0rLIY,5385
kJ27kgmhI6Q,9009
K0SKf0K3bxg,3294
J1NZJXo-Lso,6303
lFwtY1bxlNc,5082
IfcHoXTlMX0,4017
Kq02sBe5xko,3567
JlcX_GXtf40,5304
lJeOIpxUZHk,2394
iZqQRmhRvyg,2931
JYLdTuL9Wjw,4293
kMA30rThECg,3120
Lr3OavheNu0,5484
Jhkj1TVITf8,3360
ICp4g9p_rgo,2322
JIdw2B6zipc,4083
lDB7bnl7nQQ,3381
IKPltuiEVJ8,3861
JY3u7bB7dZk,6405
MbGNcoB2Y4I,5103
I18TOdCvvdM,5262
hu2oziH7His,3591
lfqHb6INj3w,8334
hXfbVIFc6t4,4095
HKSZtp_OGHY,8916
ImMGNQ2OEjo,3546
LrI2xITvWts,5553
mGQmSCQrKKQ,4404
mDKHWRbK2_Q,3432
HEFCN4qaYt4,1929
IaTU6U10p5s,2586
HHcHYisZFLU,6537
KSTJsjEaUaw,6039
i6VQxn6HK_c,5739
JA1J2WmFGUw,3864
j2vMvyQeb1U,4152
kmJLuwP3MbY,7734
HKPy5RWuqNA,5733
l_mrZiFbglI,2739
M3YVTgTl-F0,5514
kk1M_HwmFMM,3867
M77DgdQW_bM,3477
L_hgrfZVlJA,5034
IN2AGZThL-8,4887
I0u9-5lPP4Q,7293
hk3Bzss8hYI,4302
LRIZ4mCi5Ps,4311
iojhqm0JTW4,7986
JeAgPiCi94o,4080
LbduDRH2m2M,5805
ieqidYFPRA4,3234
K9IiUbBV4zc,1272
lFJywpD2PU4,4122
jSeXR0gQHQI,4791
L9szn1QQfas,5634
KA56LqFszYI,6042
BoohRoVA9WQ,7044
aw0NChcdQfQ,1956
Elczv0ghqw0,7581
GahC5cVsU6A,5643
cvCktPUwkW0,11163
fSeWHl1PaKs,4089
cnM-v3p1vvw,3264
HddkucqSzSM,4563
aCjnUJjWb38,3978
FyKWUTwSYAs,6120
FNppLrmdyug,5907
eOL-wZSCn_g,4539
b0LiSIJIDgU,4608
dwXFsrp6WBs,5373
c80vGyzA0LI,8136
CKxKB3IFdIs,5616
BV_nssS6Zkg,7635
hcFwqwmV38o,4476
bN0SlBE8yGQ,2565
dVRnG1MddAM,2862
emIHzg4VH8A,7272
Dwpw7HJ-XaU,5523
E-Sg_zJrDxc,8619
c_dNIXwrbzY,3849
gDMa68ptp2w,6696
BFwQSk6WWgQ,4485
g13ceurNcgI,4725
g9pW3B8Ycc4,1521
G0p8Su3bdHc,5757
dJ0oNfjzx4k,5412
G7nNDKrTrag,3303
gf0VqzuWedU,2766
dSJqhmjYw-o,6834
B8_dgqfPXFg,4962
guUYvXf_KvA,7332
F_UxLEqd074,834
bkU7Cl2SSvI,9003
gYbW1F_c9eM,6087
G-dafG40eGU,2274
dzwJFNZLvxo,9795
F_tl7YF2tFc,5298
dKxgj5FxmZo,4440
FeBa2s4ldU4,2499
DFQ7HrSjo7w,3033
dKzAuhhgiyY,5937
bO8EqMsxOiU,3216
HD2sz9RVzfM,3726
h93ezXUz_iU,4950
dkwypzOQf8o,8346
FHtCaVtryiE,6174
elqO-GNfStM,7800
AIzbwV7on6Q,6615
fnXzKwUgDhg,7938
eLu3z4Ikwes,5685
BH0MLyu6HjY,4215
epKoj5BIZV0,1083
atXJB9luiko,4593
enJYNuWBJ9g,5499
BMwOEkTmTyQ,4374
eawGsbRLzHQ,2775
eOrNdBpGMv8,8619
edR_niqKp1Q,4602
cJUxjnErFUU,1152
fpj7i2CPt8M,5787
