id,title,release_date,genres,video_key,overview,trailer_url,keywords,popularity,vote_count,vote_average,n_keyf
68728,Oz the Great and Powerful,2013-03-07,"['Fantasy', 'Adventure', 'Family']",yyywumlnhdw,"Oscar Diggs, a small-time circus illusionist and con-artist, is whisked from Kansas to the Land of Oz where the inhabitants assume he's the great wizard of prophecy, there to save Oz from the clutches of evil.",https://www.youtube.com/watch?v=yyywumlnhdw,"['circus', 'witch', 'magic', 'hope', 'illusion', 'magic trick', 'wizard', 'based on young adult novel']",24.269000000000002,5569,5.9,4863
167,K-PAX,2001-10-22,"['Drama', 'Science Fiction']",YV5s07zI-Bg,"Prot is a patient at a mental hospital who claims to be from a far away planet. His psychiatrist tries to help him, only to begin to doubt his own explanations.",https://www.youtube.com/watch?v=YV5s07zI-Bg,"['robbery', 'dream', 'hypnosis', 'investigation', 'murder', 'alien', 'hospital', 'planet', 'patient', 'medication', 'psychiatrist', 'science', 'claim', 'doubt', 'mental']",13.82,1609,7.2,4311
4960,"Synecdoche, New York",2008-10-24,['Drama'],XIizh6nYnTU,"A theater director struggles with his work, and the women in his life, as he attempts to create a life-size replica of New York inside a warehouse as part of his new play.",https://www.youtube.com/watch?v=XIizh6nYnTU,"['new york city', 'man-woman relation', 'theater director', 'writer']",9.456,886,7.6,4539
35117,The Duel,2000-02-03,"['Action', 'Comedy', 'Fantasy']",TiRkJY3w-w4,The sword saint requests a duel with god of sword at the apex of the forbidden city to determine the worlds best. As the date of the duel nears troubles befall the imperial town until everything is revealed at the climactic fight.,https://www.youtube.com/watch?v=TiRkJY3w-w4,[],2.696,23,6.4,4308
435,The Day After Tomorrow,2004-05-26,"['Action', 'Adventure', 'Science Fiction', 'Thriller']",Ze8Gshk53Y8,"After years of increases in the greenhouse effect,  havoc is wreaked globally in the form of catastrophic hurricanes, tornadoes, tidal waves, floods and the beginning of a new Ice Age. Paleoclimatologist, Jack Hall tries to warn the world while also shepherding to safety his son, trapped in New York after the city is overwhelmed by the start of the new big freeze.",https://www.youtube.com/watch?v=Ze8Gshk53Y8,"['saving the world', 'library', 'cataclysm', 'climate change', 'greenhouse effect', 'tornado', 'twister', 'hurricane', 'hail', 'temperature drop', 'ice age', 'polar zone', 'meteorology', 'gulfstream', 'barrier ice', 'ice melting', 'third world', 'exodus', 'evacuation', 'climate', 'government', 'snow', 'los angeles, california', 'antarctica', 'scientist', 'cell phone', 'doomsday', 'disaster movie', 'helicopter crash', 'disaster film']",36.174,5792,6.5,4185
74534,The Best Exotic Marigold Hotel,2011-11-28,"['Drama', 'Comedy']",y7KT6lZjk3A,"British retirees travel to India to take up residence in what they believe is a newly restored hotel. Less luxurious than its advertisements, the Marigold Hotel nevertheless slowly begins to charm in unexpected ways as the residents find new purpose in their old age.",https://www.youtube.com/watch?v=y7KT6lZjk3A,"['holiday', 'hotel', 'based on novel or book', 'asia', 'operation', 'married couple', 'racist', 'india', 'elderly', 'jaipur india', 'personal growth', 'outsourcing']",10.325,955,6.9,4464
13223,Gran Torino,2008-12-09,['Drama'],vLkBUix_D3U,"Widower Walt Kowalski is a grumpy, prejudiced, tough-minded, unhappy, old, Korean War veteran who can't get along with either his kids or his neighbours. His prize possession is a 1972 Gran Torino he keeps in mint condition. When his neighbour, Thao—a young Hmong teenager under pressure from his gang member cousin—tries to steal his Gran Torino, Walt sets out to reform the youth and takes steps to protect Thao and his family from the gangs that infest their neighborhood.",https://www.youtube.com/watch?v=vLkBUix_D3U,"['rape', 'war veteran', 'immigration', 'gangster', 'priest', 'gang', 'old man', 'teenager', 'detroit, michigan', 'widower', 'car', 'hmong']",17.57,7913,8.0,4143
96724,Anna Karenina,2012-09-06,"['Drama', 'Romance']",Z-nyXX5zOLg,"Trapped in a loveless marriage, aristocrat Anna Karenina enters into a life-changing affair with the affluent Count Vronsky.",https://www.youtube.com/watch?v=Z-nyXX5zOLg,"['adultery', 'horse race', 'based on novel or book', 'st. petersburg, russia', 'death', 'high society', 'imperial russia', '19th century']",13.942,1750,6.7,4224
1372,Blood Diamond,2006-01-26,"['Drama', 'Thriller', 'Action']",YG_a8lw512A,"An ex-mercenary turned smuggler. A Mende fisherman. Amid the explosive civil war overtaking 1999 Sierra Leone, these men join for two desperate missions: recovering a rare pink diamond of immense value and rescuing the fisherman's son, conscripted as a child soldier into the brutal rebel forces ripping a swath of torture and bloodshed countrywide.",https://www.youtube.com/watch?v=YG_a8lw512A,"['africa', 'rebel', 'loss of loved one', 'journalist', 'journalism', 'slavery', 'mercenary', 'diamond mine', 'sierra leone', 'bootlegger', 'fisherman', 'special unit', 'smuggling', 'rwandan genocide', 'oppression', '1990s', 'private military company']",30.362,5434,7.5,4923
440,Aliens vs Predator: Requiem,2007-12-25,"['Fantasy', 'Action', 'Science Fiction', 'Thriller', 'Horror']",YrTXTb03Ixc,"The iconic creatures from two of the scariest film franchises in movie history wage their most brutal battle ever—in our own backyard. The small town of Gunnison, Colorado becomes a war zone between two of the deadliest extra-terrestrial life forms—the Alien and the Predator. When a Predator scout ship crash-lands in the hills outside the town, Alien Facehuggers and a hybrid Alien/Predator are released and begin to terrorize the town.",https://www.youtube.com/watch?v=YrTXTb03Ixc,"['predator', 'colorado', 'national guard', 'hybrid', 'alien', 'morgue', 'alien possession', 'triangle', 'infestation', 'xenomorph']",39.762,1829,5.0,4989
19959,Surrogates,2009-09-24,"['Science Fiction', 'Action', 'Thriller']",Zl_h9RaL0es,"Set in a futuristic world where humans live in isolation and interact through surrogate robots, a cop is forced to leave his home for the first time in years in order to investigate the murders of others' surrogates.",https://www.youtube.com/watch?v=Zl_h9RaL0es,"['clone', 'future', 'dystopia', 'murder', 'robot']",16.779,2330,6.1,4674
6466,Freddy vs. Jason,2003-08-15,['Horror'],zSLGPdpd2d0,"In an attempt to free himself from a state of forgotten limbo, evil dream-demon Freddy Krueger (Robert Englund) devises a plan to manipulate un-dead mass murderer Jason Voorhees (Ken Kirzenger) into slicing-and-dicing his way through the teenage population of Springwood.  But when the master of dreams loses control of his monster, a brutal fight to the death is the only way out in this long anticipated crossover between two of modern horror's most notorious killers!",https://www.youtube.com/watch?v=zSLGPdpd2d0,"['murder', 'marijuana', 'teenager', 'bad dream']",30.726999999999997,1639,5.9,4986
453,A Beautiful Mind,2001-12-11,"['Drama', 'Romance']",WFJgUm7iOKw,"John Nash is a brilliant but asocial mathematician fighting schizophrenia. After he accepts secret work in cryptography, his life takes a turn for the nightmarish.",https://www.youtube.com/watch?v=WFJgUm7iOKw,"['individual', 'schizophrenia', 'massachusetts', ""love of one's life"", 'intelligence', 'mathematician', 'market economy', 'economic theory', 'princeton university', 'nobel prize', 'mathematical theorem', 'm.i.t.', 'biography', 'mathematics', 'delusion']",22.205,7422,7.8,4731
7874,Black Snake Moan,2006-12-31,['Drama'],VYMqX3SKIGY,"A God-fearing bluesman takes to a wild young woman who, as a victim of childhood sexual abuse, is looking everywhere for love, but never quite finding it.",https://www.youtube.com/watch?v=VYMqX3SKIGY,"['southern usa', 'blues', 'trauma', 'musician', 'military service', 'tennessee', 'nymphomaniac', 'captive', 'moonshine', 'drunkeness']",11.808,544,6.8,4092
244509,Cold in July,2014-05-23,"['Drama', 'Thriller']",XkyuV69YZcM,"While investigating noises in his house one balmy Texas night in 1989, Richard Dane puts a bullet in the brain of a low-life burglar. Although he’s hailed as a small-town hero, Dane soon finds himself fearing for his family’s safety when Freddy’s ex-con father rolls into town, hell-bent on revenge.",https://www.youtube.com/watch?v=XkyuV69YZcM,"['based on novel or book', 'cemetery', 'texas', 'self-defense', 'flashlight', 'revenge', 'murder', 'violence', 'home invasion', 'neo-noir', 'intruder', '1980s', 'snuff film']",10.448,509,6.5,4260
44264,True Grit,2010-12-22,"['Drama', 'Adventure', 'Western']",unEO_p71cik,"Following the murder of her father by a hired hand, a 14-year-old farm girl sets out to capture the killer. To aid her, she hires the toughest U.S. Marshal she can find—a man with 'true grit'—Reuben J. 'Rooster' Cogburn.",https://www.youtube.com/watch?v=unEO_p71cik,"['loss of loved one', 'based on novel or book', 'father murder', 'arkansas', 'texas ranger', 'alcoholism', 'betrayal', 'eye patch']",14.914000000000001,3882,7.3,4596
23047,Season of the Witch,2011-01-07,"['Adventure', 'Fantasy', 'Action']",uSbWTgIoz4g,"A 14th century Crusader returns with his comrade to a homeland devastated by the Black Plague. The Church commands the two knights to transport a witch to a remote abbey, where monks will perform a ritual in hopes of ending the pestilence.",https://www.youtube.com/watch?v=uSbWTgIoz4g,"['inquisition', 'monk', 'ambush', 'witch', 'hero', 'fight', 'horse', 'ritual', 'knife', 'knight', 'blood', 'middle ages', 'catholic church', '14th century']",22.445,1789,5.4,4650
10200,The Day the Earth Stood Still,2008-12-10,"['Drama', 'Science Fiction', 'Thriller']",w8INBc01Zlo,"A representative of an alien race that went through drastic evolution to survive its own climate change, Klaatu comes to Earth to assess whether humanity can prevent the environmental damage they have inflicted on their own planet. When barred from speaking to the United Nations, he decides humankind shall be exterminated so the planet can survive.",https://www.youtube.com/watch?v=w8INBc01Zlo,"['extraterrestrial technology', 'spacecraft', 'ultimatum', 'evacuation', 'panic', 'government', 'remake', 'ufo', 'alien', 'end of the world', 'giant robot', 'tank', 'social commentary', 'power outage', 'interrogation', 'environmentalism', 'threat', 'alien contact', 'central park', 'messenger', 'nanobots', 'disintegration']",21.943,2400,5.5,4431
2832,Identity,2003-04-25,"['Mystery', 'Thriller']",TQkG2x3qTf4,"Complete strangers stranded at a remote desert motel during a raging storm soon find themselves the target of a deranged murderer. As their numbers thin out, the travelers begin to turn on each other, as each tries to figure out who the killer is.",https://www.youtube.com/watch?v=TQkG2x3qTf4,"['prostitute', 'detective', 'nevada', 'prisoner', 'rain', 'motel', 'weather', 'psychopath', 'ex-cop', 'stranded', 'murder', 'serial killer', 'scream', 'storm', 'psychiatrist', 'convict', 'thunderstorm', 'rainstorm', 'split personality', 'mental disorders', 'murder mystery', 'dissociative identity disorder', 'isolated place']",12.571,2559,7.2,4488
58151,Fright Night,2011-08-18,"['Horror', 'Comedy']",txgGhyjPZGg,"A teenager suspects his new neighbour is a vampire. Unable to convince anyone, he tries to enlist the help of a self-proclaimed vampire hunter and magician in this remake of the 1985 comedy-horror classic.",https://www.youtube.com/watch?v=txgGhyjPZGg,"['sunrise', 'vampire', 'suspicion', 'remake', 'suburbia']",15.602,1356,6.1,4374
5175,Rush Hour 2,2001-08-03,"['Action', 'Comedy', 'Crime']",SCTzYY95Aw4,"It's vacation time for Carter as he finds himself alongside Lee in Hong Kong wishing for more excitement. While Carter wants to party and meet the ladies, Lee is out to track down a Triad gang lord who may be responsible for killing two men at the American Embassy. Things get complicated as the pair stumble onto a counterfeiting plot. The boys are soon up to their necks in fist fights and life-threatening situations. A trip back to the U.S. may provide the answers about the bombing, the counterfeiting, and the true allegiance of sexy customs agent Isabella.",https://www.youtube.com/watch?v=SCTzYY95Aw4,['duringcreditsstinger'],24.864,2712,6.6,4134
45612,Source Code,2011-03-30,"['Thriller', 'Science Fiction', 'Mystery']",NkTrG-gpIzE,"Decorated soldier Captain Colter Stevens wakes up in the body of an unknown man, discovering he's involved in a mission to find the bomber of a Chicago commuter train. He learns he's part of a top-secret experimental program that enables him to experience the final 8 minutes of another person's life. Colter re-lives the train incident over and over again, gathering more clues each time.",https://www.youtube.com/watch?v=NkTrG-gpIzE,"['bomb', 'identity', 'bomber', 'suspicion', 'time travel', 'race against time', 'investigation', 'surrealism', 'time loop', 'soldier', 'helicopter pilot', 'time traveler']",20.422,6040,7.3,4329
34016,She's Out of My League,2010-03-11,"['Comedy', 'Romance']",oWJJGXvL7PM,"When he starts dating drop-dead gorgeous Molly, insecure airport security agent Kirk can't believe it. As his friends and family share their doubts about the relationship lasting, Kirk does everything he can to avoid losing Molly forever.",https://www.youtube.com/watch?v=oWJJGXvL7PM,"['confidence', 'romantic comedy', 'dating', 'insecurity', 'airport security', 'unlikely lovers', 'twenty something', 'duringcreditsstinger', 'pittsburgh, pennsylvania', 'pittsburgh penguins']",15.375,1458,6.3,4542
75900,My Week with Marilyn,2011-11-23,['Drama'],NeHDZODFKNw,"Sir Laurence Olivier is making a movie in London. Young Colin Clark, an eager film student, wants to be involved and he navigates himself a job on the set. When film star Marilyn Monroe arrives for the start of shooting, all of London is excited to see the blonde bombshell, while Olivier is struggling to meet her many demands and acting ineptness, and Colin is intrigued by her. Colin's intrigue is met when Marilyn invites him into her inner world where she struggles with her fame, her beauty and her desire to be a great actress.",https://www.youtube.com/watch?v=NeHDZODFKNw,"['based on novel or book', 'jealousy', 'prince', 'biography', 'tenderness', 'historical figure', 'celebrity', 'blonde', 'film in film', 'filmmaking', 'sensuality', 'showgirl', 'movie star', '1950s', 'memoir']",10.405999999999999,969,6.7,4470
11880,Dog Soldiers,2002-05-10,"['Horror', 'Action', 'Thriller']",R_0Ej5N-hFQ,"A squad of British soldiers on training in the lonesome Scottish wilderness find a wounded Special Forces captain and the remains of his team. As they encounter zoologist Megan, it turns out that werewolves are active in the region. They have to prepare for some action as the there will be a full moon tonight...",https://www.youtube.com/watch?v=R_0Ej5N-hFQ,"['scotland', 'wilderness', 'british army', 'grenade', 'full moon', 'forest', 'dark comedy', 'werewolf', 'soldier', 'cult film', 'survival horror', 'standoff', 'molotov cocktail']",11.718,525,6.7,4323
11798,This Is England,2006-09-12,"['Drama', 'Crime']",SfoJx6t97RE,"A story about a troubled boy growing up in England, set in 1983. He comes across a few skinheads on his way home from school, after a fight. They become his new best friends, even like family. Based on experiences of director Shane Meadows.",https://www.youtube.com/watch?v=SfoJx6t97RE,"['holiday', 'skinhead', 'england', 'vandalism', 'nottingham', 'gang', 'racism', 'summer', 'violence', 'drugs', 'falklands war', 'cult film', 'unemployment', 'xenophobia', 'culture', '1980s']",4.583,846,7.5,4230
35791,Resident Evil: Afterlife,2010-09-09,"['Action', 'Adventure', 'Horror', 'Science Fiction']",SRRN6MvCdeg,"In a world ravaged by a virus infection, turning its victims into the Undead, Alice continues on her journey to find survivors and lead them to safety. Her deadly battle with the Umbrella Corporation reaches new heights, but Alice gets some unexpected help from an old friend. A new lead that promises a safe haven from the Undead takes them to Los Angeles, but when they arrive the city is overrun by thousands of Undead - and Alice and her comrades are about to step into a deadly trap.",https://www.youtube.com/watch?v=SRRN6MvCdeg,"['post-apocalyptic future', 'dystopia', 'undead', 'biohazard', 'evil corporation', 'resident evil', 'zombie', 'based on video game', 'duringcreditsstinger']",1.53,2744,6.0,4239
84892,The Perks of Being a Wallflower,2012-09-20,['Drama'],QE7CGX1d6LU,"Pittsburgh, Pennsylvania, 1991. High school freshman Charlie is a wallflower, always watching life from the sidelines, until two senior students, Sam and her stepbrother Patrick, become his mentors, helping him discover the joys of friendship, music and love.",https://www.youtube.com/watch?v=QE7CGX1d6LU,"['based on novel or book', 'trauma', 'school friend', 'friendship', 'high school', 'freshman', 'coming of age', 'school', 'teenage boy', 'high school student', 'first love', 'aunt nephew relationship', 'lgbt', 'mental health', 'lgbt teen', 'pittsburgh, pennsylvania', 'anxiety', '1990s', 'emotional', 'based on young adult novel']",19.016,7932,7.8,4341
4327,Charlie's Angels,2000-11-02,"['Action', 'Adventure', 'Comedy', 'Crime', 'Thriller']",RFuZhw5b1KA,"Three women, detectives with a mysterious boss, retrieve stolen voice-ID software, using martial arts, tech skills, and sex appeal.",https://www.youtube.com/watch?v=RFuZhw5b1KA,"['martial arts', 'female friendship', 'millionaire', 'agent']",19.834,3097,5.8,4608
608,Men in Black II,2002-07-03,"['Action', 'Adventure', 'Comedy', 'Science Fiction']",p4NJHqoojOU,"Kay and Jay reunite to provide our best, last and only line of defense against a sinister seductress who levels the toughest challenge yet to the MIB's untarnished mission statement – protecting Earth from the scum of the universe. It's been four years since the alien-seeking agents averted an intergalactic disaster of epic proportions. Now it's a race against the clock as Jay must convince Kay – who not only has absolutely no memory of his time spent with the MIB, but is also the only living person left with the expertise to save the galaxy – to reunite with the MIB before the earth submits to ultimate destruction.",https://www.youtube.com/watch?v=p4NJHqoojOU,"['saving the world', 'new york city', 'secret identity', 'undercover', 'space marine', 'illegal immigration', 'deportation', 'new identity', 'flying saucer', 'light', 'firearm', 'alien', 'buddy cop', 'fictional government agency']",30.51,7500,6.3,4326
70,Million Dollar Baby,2004-12-15,['Drama'],shbZOZmoyF0,"Despondent over a painful estrangement from his daughter, trainer Frankie Dunn isn't prepared for boxer Maggie Fitzgerald to enter his life. But Maggie's determined to go pro and to convince Dunn and his cohort to help her.",https://www.youtube.com/watch?v=shbZOZmoyF0,"['transporter', 'suicide attempt', 'fight', 'strong woman', 'boxer', 'dying and death', 'stroke of fate', 'training', 'advancement', 'tragedy', 'female protagonist', 'brutality', 'boxing trainer', 'unlikely friendship', 'female boxing', 'knockout', 'euthanasia', 'determination']",22.622,6764,8.0,4443
10201,Yes Man,2008-12-09,['Comedy'],rvpsiIe2vBE,Carl Allen has stumbled across a way to shake free of post-divorce blues and a dead-end job: embrace life and say yes to everything.,https://www.youtube.com/watch?v=rvpsiIe2vBE,"['bungee-jump', 'scooter']",20.846,4798,6.6,4077
107,Snatch,2000-09-01,"['Crime', 'Comedy']",ni4tEtuTccc,"Illegal boxing promoter Turkish convinces gangster Brick Top to offer bets on bare-knuckle boxer Mickey at his bookie business. When Mickey does not throw his first fight as agreed, an infuriated Brick Top demands another match. Meanwhile, gangster Frankie Four Fingers comes to place a bet for a friend with Brick Top's bookies, as multiple criminals converge on a stolen diamond that Frankie has come to London to sell.",https://www.youtube.com/watch?v=ni4tEtuTccc,"['england', 'gypsy', 'gambling', 'bare knuckle boxing', 'slang', 'robbery', 'trailer park', 'antwerp', 'boxer', 'pig', 'violence', 'underground fighting', 'cult film', 'diamond heist', 'pikey']",19.987000000000002,6422,7.8,4443
18240,The Proposal,2009-06-01,"['Comedy', 'Romance', 'Drama']",RFL8b1p1ELY,"When she learns she's in danger of losing her visa status and being deported, overbearing book editor Margaret Tate forces her put-upon assistant, Andrew Paxton, to marry her.",https://www.youtube.com/watch?v=RFL8b1p1ELY,"['fictitious marriage', 'deportation', 'immigration law', 'alaska', 'co-worker relationship', 'humiliation', 'book editor', 'fake boyfriend', 'duringcreditsstinger', 'woman director', 'pretend relationship']",33.6,4679,7.0,4992
1824,50 First Dates,2004-02-13,"['Comedy', 'Romance']",Q_2AbjYeSMI,"Henry is a player skilled at seducing women. But when this veterinarian meets Lucy, a girl with a quirky problem when it comes to total recall, he realizes it's possible to fall in love all over again…and again, and again. That's because the delightful Lucy has no short-term memory, so Henry must woo her day after day until he finally sweeps her off her feet.",https://www.youtube.com/watch?v=Q_2AbjYeSMI,"['deja vu', 'amnesia', 'hawaii', 'ladykiller', 'veterinarian', 'romantic comedy', 'short term memory loss']",25.483,5434,6.8,4803
16869,Inglourious Basterds,2009-08-18,"['Drama', 'Action', 'Thriller', 'War']",sE8hc4gVyGo,"In Nazi-occupied France during World War II, a group of Jewish-American soldiers known as ""The Basterds"" are chosen specifically to spread fear throughout the Third Reich by scalping and brutally killing Nazis. The Basterds, lead by Lt. Aldo Raine soon cross paths with a French-Jewish teenage girl who runs a movie theater in Paris which is targeted by the soldiers.",https://www.youtube.com/watch?v=sE8hc4gVyGo,"['paris, france', 'guerrilla', 'cinema', 'self sacrifice', 'dynamite', 'mexican standoff', 'world war ii', 'jew persecution', 'nazi', 'masochism', 'sadism', 'anti-semitism', 'swastika', 'german occupation of france', 'violence', 'british politics', 'hitler', 'adolf hitler']",49.825,16363,8.2,4344
7978,The Wolfman,2010-02-11,"['Horror', 'History', 'Drama', 'Thriller']",NS3nTkvvHi8,"Lawrence Talbot, an American man on a visit to Victorian London to make amends with his estranged father, gets bitten by a werewolf and, after a moonlight transformation, leaves him with a savage hunger for flesh.",https://www.youtube.com/watch?v=NS3nTkvvHi8,"['parent child relationship', 'victorian england', 'remake', 'curse', 'rural area', 'blood', 'werewolf', 'flesh']",19.173,1383,5.8,4434
13515,Mirrors,2008-08-15,"['Horror', 'Mystery', 'Thriller', 'Drama']",O92QxxgeCO8,An ex-cop and his family are the target of an evil force that is using mirrors as a gateway into their home.,https://www.youtube.com/watch?v=O92QxxgeCO8,"['schizophrenia', 'night watchman', 'subway', 'hallucination', 'alcoholism', 'ex-cop', 'possession', 'remake', 'morgue', 'rural area', 'medication', 'demon', 'psychiatrist', 'estranged wife', 'nypd', 'evil', 'newspaper clipping']",20.191,1268,6.2,4404
2251,Unfaithful,2002-05-10,['Thriller'],Teot5igj2mU,"Connie is a wife and mother whose 11-year marriage to Edward has lost its sexual spark. When Connie literally runs into handsome book collector Paul, he sweeps her into an all-consuming affair. But Edward soon becomes suspicious and decides to confront the other man.",https://www.youtube.com/watch?v=Teot5igj2mU,"['new york city', 'adultery', 'infidelity', 'eroticism', 'literature', 'lover', 'erotic thriller']",23.416,941,6.6,4965
22947,Up in the Air,2009-09-05,"['Drama', 'Romance']",rTL1FmvVCuA,"Corporate downsizing expert Ryan Bingham spends his life in planes, airports, and hotels, but just as he’s about to reach a milestone of ten million frequent flyer miles, he meets a woman who causes him to rethink his transient life.",https://www.youtube.com/watch?v=rTL1FmvVCuA,"['suitcase', 'business', 'omaha', 'las vegas', 'on the road', 'downsizing', 'cross country', 'videoconferencing', 'job termination', 'business trip', 'duringcreditsstinger']",14.380999999999998,2624,6.8,4824
13809,RockNRolla,2008-09-04,"['Action', 'Crime', 'Thriller']",TdpR8VuvbCM,"When a Russian mobster sets up a real estate scam that generates millions of pounds, various members of London's criminal underworld pursue their share of the fortune. Various shady characters, including Mr One-Two, Stella the accountant, and Johnny Quid, a druggie rock-star, try to claim their slice.",https://www.youtube.com/watch?v=TdpR8VuvbCM,"['london, england', 'gang leader', 'money', 'gang']",15.068,2013,6.9,4146
37735,Easy A,2010-09-16,['Comedy'],KNbPnqyvItk,"Olive, an average high school student, sees her below-the-radar existence turn around overnight once she decides to use the school's gossip grapevine to advance her social standing. Now her classmates are turning against her and the school board is becoming concerned, including her favorite teacher and the distracted guidance counselor. With the support of her hilariously idiosyncratic parents and a little help from a long-time crush, Olive attempts to take on her notorious new identity and crush the rumor mill once and for all.",https://www.youtube.com/watch?v=KNbPnqyvItk,"['small town', 'lie', 'high school', 'school', 'loss of virginity', 'female protagonist', 'teen movie', 'high school student', 'teen comedy', 'intelligent', 'duringcreditsstinger', 'small town girl', 'rumor', 'teen drama', 'pretend relationship', 'gay friends']",18.374000000000002,5384,6.8,4992
7735,The Wave,2008-03-11,"['Drama', 'Thriller']",JbTkdqYivuw,A school teacher discusses types of government with his class. His students find it too boring to repeatedly go over national socialism and believe that dictatorship cannot be established in modern Germany. He starts an experiment to show how easily the masses can become manipulated.,https://www.youtube.com/watch?v=JbTkdqYivuw,"['dictator', 'trainer', 'classroom', 'experiment', 'fascism', 'group dynamics', 'education', 'national socialism', 'training', 'squatter', 'anarchist', 'gymnasium', 'high school', 'learning and teaching', 'violence in schools', 'homepage', 'high school teacher', 'water polo', 'autocracy']",11.069,2364,7.5,4878
7552,Fun with Dick and Jane,2005-12-21,['Comedy'],ldbkr2eN6qk,"After Dick Harper loses his job at Globodyne in an Enron-esque collapse, he and his wife, Jane, turn to crime in order to handle the massive debt they now face. Two intelligent people, Dick and Jane actually get pretty good at robbing people and even enjoy it -- but they have second thoughts when they're reminded that crime can hurt innocent people. When the couple hears that Globodyne boss Jack McCallister actually swindled the company, they plot revenge.",https://www.youtube.com/watch?v=ldbkr2eN6qk,"['based on novel or book', 'robber', 'hold-up robbery', 'remake', 'suburbia', 'loss of job', 'humiliation', 'unemployment', 'bankruptcy', 'travel agent', 'riches to rags', 'bearer bonds', 'comeuppance']",14.852,1659,6.1,4194
12445,Harry Potter and the Deathly Hallows: Part 2,2011-07-07,"['Fantasy', 'Adventure']",mObK5XD8udk,"Harry, Ron and Hermione continue their quest to vanquish the evil Voldemort once and for all. Just as things begin to look hopeless for the young wizards, Harry discovers a trio of magical objects that endow him with powers to rival Voldemort's formidable skills.",https://www.youtube.com/watch?v=mObK5XD8udk,"['self sacrifice', 'magic', 'sorcerer', 'school', 'wizard', 'based on young adult novel']",101.814,15287,8.1,4347
9383,Hollow Man,2000-08-04,"['Action', 'Science Fiction', 'Thriller']",mAk4Dxie3tc,"Cocky researcher, Sebastian Caine is working on a project to make living creatures invisible and he's so confident he's found the right formula that he tests it on himself and soon begins to vanish. The only problem is – no-one can determine how to make him visible again. Caine's predicament eventually drives him mad, with terrifying results.",https://www.youtube.com/watch?v=mAk4Dxie3tc,"['killing', 'experiment', 'scientist', 'invisible person']",18.0,1704,5.9,4671
462,Erin Brockovich,2000-03-17,['Drama'],keZXGaDvK2s,"A twice-divorced mother of three who sees an injustice, takes on the bad guy and wins -- with a little help from her push-up bra. Erin goes to work for an attorney and comes across medical records describing illnesses clustered in one nearby town. She starts investigating and soon exposes a monumental cover-up.",https://www.youtube.com/watch?v=keZXGaDvK2s,"['biography', 'based on a true story', 'single mother', 'water pollution', 'environmental law', 'corporate negligence']",12.511,2093,7.4,4185
284052,Doctor Strange,2016-10-25,"['Action', 'Adventure', 'Fantasy', 'Science Fiction']",HSzx-zryEgM,"After his career is destroyed, a brilliant but arrogant surgeon gets a new lease on life when a sorcerer takes him under her wing and trains him to defend the world against evil.",https://www.youtube.com/watch?v=HSzx-zryEgM,"['magic', 'time', 'training', 'superhero', 'based on comic', 'sorcerer', 'doctor', 'neurosurgeon', 'wizard', 'aftercreditsstinger', 'duringcreditsstinger', 'marvel cinematic universe']",120.305,16478,7.4,4143
14306,Marley & Me,2008-12-25,"['Comedy', 'Family']",KR5UBtAxseo,"A newly married couple who, in the process of starting a family, learn many of life's important lessons from their trouble-loving retriever, Marley. Packed with plenty of laughs to lighten the load, the film explores the highs and lows of marriage, maturity and confronting one's own mortality, as seen through the lens of family life with a dog.",https://www.youtube.com/watch?v=KR5UBtAxseo,"['journalist', 'based on novel or book', 'puppy', 'love', 'dog', 'duringcreditsstinger', 'columnist', 'animal lead']",21.284000000000002,3555,7.2,4650
19912,The Final Destination,2009-08-26,"['Horror', 'Mystery']",I3s-Ca73utM,"After a young man's premonition of a deadly race-car crash helps saves the lives of his peers, Death sets out to collect those who evaded their end.",https://www.youtube.com/watch?v=I3s-Ca73utM,"['car race', 'dying and death', 'plan', 'stock car racing', 'car crash', 'premonition', 'gore', 'vision']",33.294000000000004,2200,5.6,4299
50348,The Lincoln Lawyer,2011-03-17,"['Crime', 'Drama', 'Thriller']",IFwE3UgCMIk,A lawyer conducts business from the back of his Lincoln town car while representing a high-profile client in Beverly Hills.,https://www.youtube.com/watch?v=IFwE3UgCMIk,"['upper class', 'prostitute', 'based on novel or book', 'judge', 'homicide', 'arrest', 'video surveillance', 'jury', 'lawyer', 'private investigator', 'crime scene', 'courtroom', 'beverly hills', 'courtroom drama', 'bail hearing']",12.190999999999999,2106,7.2,4482
11130,The Princess Diaries 2: Royal Engagement,2004-08-06,"['Comedy', 'Drama', 'Family', 'Romance']",iemU7EUQgmo,"Mia Thermopolis is now a college graduate and on her way to Genovia to take up her duties as princess. Her best friend Lilly also joins her for the summer. Mia continues her 'princess lessons'- riding horses side-saddle, archery, and other royal. But her complicated life is turned upside down once again when she not only learns that she is to take the crown as queen earlier than expected...",https://www.youtube.com/watch?v=iemU7EUQgmo,"['coronation', 'duty', 'marriage', 'falling in love']",17.976,2490,6.6,4035
49018,Insidious,2010-09-13,"['Horror', 'Thriller']",IfcHoXTlMX0,"A family discovers that dark spirits have invaded their home after their son inexplicably falls into an endless sleep. When they reach out to a professional for help, they learn things are a lot more personal than they thought.",https://www.youtube.com/watch?v=IfcHoXTlMX0,"['medium', 'evil spirit', 'house warming', 'aftercreditsstinger', 'supernatural power']",45.806000000000004,4795,6.9,4017
767,Harry Potter and the Half-Blood Prince,2009-07-07,"['Adventure', 'Fantasy']",JYLdTuL9Wjw,"As Harry begins his sixth year at Hogwarts, he discovers an old book marked as 'Property of the Half-Blood Prince', and begins to learn more about Lord Voldemort's dark past.",https://www.youtube.com/watch?v=JYLdTuL9Wjw,"['witch', 'magic', 'school of witchcraft', 'apparition', 'teenage crush', 'school', 'werewolf', 'wizard', 'based on young adult novel']",113.40100000000001,14211,7.7,4293
60935,The Thing,2011-10-12,"['Horror', 'Science Fiction', 'Mystery', 'Thriller']",JIdw2B6zipc,"When paleontologist Kate Lloyd travels to an isolated outpost in Antarctica for the expedition of a lifetime, she joins an international team that unearths a remarkable discovery. Their elation quickly turns to fear as they realize that their experiment has freed a mysterious being from its frozen prison. Paranoia spreads like an epidemic as a creature that can mimic anything it touches will pit human against human as it tries to survive and flourish in this spine-tingling thriller.",https://www.youtube.com/watch?v=JIdw2B6zipc,"['based on novel or book', 'paranoia', 'research station', 'alien life-form', 'prequel', 'antarctica', 'blizzard', 'duringcreditsstinger']",25.924,1984,6.1,4083
3432,Mr. Brooks,2007-06-01,"['Crime', 'Thriller']",hXfbVIFc6t4,A psychological thriller about a man who is sometimes controlled by his murder-and-mayhem-loving alter ego.,https://www.youtube.com/watch?v=hXfbVIFc6t4,"['secret', 'witness', 'investigation', 'psychopath', 'alter ego', 'murder', 'serial killer', 'female detective']",13.982999999999999,1171,6.9,4095
186,Lucky Number Slevin,2006-02-24,"['Drama', 'Thriller', 'Crime', 'Mystery']",mGQmSCQrKKQ,"Slevin is mistakenly put in the middle of a personal war between the city’s biggest criminal bosses. Under constant watch, Slevin must try not to get killed by an infamous assassin and come up with an idea of how to get out of his current dilemma. A film with many twists and turns.",https://www.youtube.com/watch?v=mGQmSCQrKKQ,"['assassination', 'assassin', 'identity', 'sniper', 'fbi', 'mistake in person', 'gangster', 'gambling debt', 'boss', 'murder', 'sniper rifle', 'horse racing', 'gambler', 'hoodlum', 'black men']",14.229000000000001,2958,7.5,4404
205,Hotel Rwanda,2004-03-04,"['Drama', 'History', 'War']",j2vMvyQeb1U,"Inspired by true events, this film takes place in Rwanda in the 1990s when more than a million Tutsis were killed in a genocide that went mostly unnoticed by the rest of the world. Hotel owner Paul Rusesabagina houses over a thousand refuges in his hotel in attempt to save their lives.",https://www.youtube.com/watch?v=j2vMvyQeb1U,"['rwanda', 'refugee', 'refugee camp', 'militia', 'rwandan genocide', 'murder', 'slaughter', 'dead body', 'atrocity', 'african', 'cruelty', 'violence', 'united nations', 'death']",15.597999999999999,1958,7.7,4152
14047,The Great Debaters,2007-12-27,['Drama'],IN2AGZThL-8,The true story of a brilliant but politically radical debate team coach who uses the power of words to transform a group of underdog African-American college students into a historical powerhouse that took on the Harvard elite.,https://www.youtube.com/watch?v=IN2AGZThL-8,['biography'],10.051,386,7.2,4887
168672,American Hustle,2013-12-12,"['Drama', 'Crime']",hk3Bzss8hYI,"A conman and his seductive partner are forced to work for a wild FBI agent, who pushes them into a world of Jersey power-brokers and the Mafia.",https://www.youtube.com/watch?v=hk3Bzss8hYI,"['new jersey', '1970s', 'fbi', 'mayor', 'history', 'con artist', 'scam', 'mobster', 'hair', 'century']",17.225,5674,6.8,4302
45317,The Fighter,2010-12-17,['Drama'],LRIZ4mCi5Ps,"Boxer ""Irish"" Micky Ward's unlikely road to the world light welterweight title. His Rocky-like rise was shepherded by half-brother Dicky, a boxer-turned-trainer who rebounded in life after nearly being KO'd by drugs and crime.",https://www.youtube.com/watch?v=LRIZ4mCi5Ps,"['irish-american', 'boxer', 'biography', 'sports', 'lowell massachusetts', 'blue collar worker', 'church bells', 'documentary filmmaking', 'boxer shorts', 'jumping rope', 'shadow boxing', 'duringcreditsstinger']",16.041,3147,7.4,4311
2295,Clerks II,2006-07-21,['Comedy'],JeAgPiCi94o,"A calamity at Dante and Randall's shops sends them looking for new horizons - but they ultimately settle at Mooby's, a fictional Disney-McDonald's-style fast-food empire.",https://www.youtube.com/watch?v=JeAgPiCi94o,"['independent film', 'aftercreditsstinger', 'duringcreditsstinger']",10.357999999999999,890,6.9,4080
11232,Kate & Leopold,2001-12-25,"['Comedy', 'Fantasy', 'Romance']",lFJywpD2PU4,"When her scientist ex-boyfriend discovers a portal to travel through time -- and brings back a 19th-century nobleman named Leopold to prove it -- a skeptical Kate reluctantly takes responsibility for showing Leopold the 21st century. The more time Kate spends with Leopold, the harder she falls for him. But if he doesn't return to his own time, his absence will forever alter history.",https://www.youtube.com/watch?v=lFJywpD2PU4,"['lover (female)', ""love of one's life"", 'time travel', 'kiss', 'past', 'secret love', 'fish out of water']",12.167,975,6.3,4122
350,The Devil Wears Prada,2006-06-30,"['Comedy', 'Drama', 'Romance']",jSeXR0gQHQI,"Andy moves to New York to work in the fashion industry. Her boss is extremely demanding, cruel and won't let her succeed if she doesn't fit into the high class elegant look of their magazine.",https://www.youtube.com/watch?v=jSeXR0gQHQI,"['paris, france', 'new york city', 'journalist', 'based on novel or book', 'journalism', 'fashion journal', 'assistant', 'job entrant', 'job interview', 'editor-in-chief', 'fashion', 'fashion magazine', 'bullied', 'fashion industry']",36.509,8928,7.4,4791
38050,The Adjustment Bureau,2011-03-03,"['Science Fiction', 'Thriller', 'Romance']",fSeWHl1PaKs,"A man glimpses the future Fate has planned for him – and chooses to fight for his own destiny. Battling the powerful Adjustment Bureau across, under and through the streets of New York, he risks his destined greatness to be with the only woman he's ever loved.",https://www.youtube.com/watch?v=fSeWHl1PaKs,"['hotel', 'dancer', 'hat', 'senator', 'future', 'honesty', 'plan', 'kiss', 'speech', 'marriage', 'politician', 'alone', 'fate', 'foot chase', 'covert agency', 'courthouse', 'political campaign', 'destiny', 'based on short story']",13.822000000000001,3351,6.7,4089
116745,The Secret Life of Walter Mitty,2013-12-18,"['Adventure', 'Comedy', 'Drama', 'Fantasy']",HddkucqSzSM,A timid magazine photo manager who lives life vicariously through daydreams embarks on a true-life adventure when a negative goes missing.,https://www.youtube.com/watch?v=HddkucqSzSM,"['himalaya', 'photographer', 'magazine', 'iceland', 'daydream', 'photograph', 'shark', 'fired from the job', 'dreamer', 'online dating', 'daydreaming']",17.917,5940,7.1,4563
8054,The Imaginarium of Doctor Parnassus,2009-10-01,"['Adventure', 'Fantasy', 'Mystery']",eOL-wZSCn_g,A traveling theater company gives its audience much more than they were expecting.,https://www.youtube.com/watch?v=eOL-wZSCn_g,"['circus', 'immortality', 'elderly', 'aftercreditsstinger', 'duringcreditsstinger', 'magic mirror']",12.075,2077,6.3,4539
9035,Slither,2006-03-31,"['Horror', 'Science Fiction', 'Comedy']",b0LiSIJIDgU,"A small town is taken over by an alien plague, turning residents into zombies and all forms of mutant monsters.",https://www.youtube.com/watch?v=b0LiSIJIDgU,"['small town', 'mutant', 'transformation', 'meteor', 'meat', 'alien', 'violence', 'parasite', 'slug', 'bodily dismemberment', 'aftercreditsstinger', 'duringcreditsstinger', 'body horror']",16.45,952,6.4,4608
97605,Extracted,2012-03-10,"['Science Fiction', 'Thriller']",hcFwqwmV38o,"Thomas Jacobs invents a way to watch people's memories from the inside. Going against his morals, he accepts an offer to enter a heroin addict's memories to literally see if he committed a crime. However,a malfunction causes his consciousness to become trapped inside the criminal's mind. He remains a prisoner in the addict's memories for more than four years until he discovers the possibility of escape.",https://www.youtube.com/watch?v=hcFwqwmV38o,"['murder', 'time loop', 'memory']",9.621,149,6.1,4476
21755,The Brothers Bloom,2008-09-09,"['Adventure', 'Comedy', 'Drama', 'Romance']",BFwQSk6WWgQ,"The Brothers Bloom are the best con men in the world, swindling millionaires with complex scenarios of lust and intrigue. Now they've decided to take on one last job – showing a beautiful and eccentric heiress the time of her life with a romantic adventure that takes them around the world.",https://www.youtube.com/watch?v=BFwQSk6WWgQ,"['new jersey', 'con man', 'heiress', 'caper comedy', 'estafa', 'orphan siblings']",12.31,423,6.6,4485
8870,Red Planet,2000-11-10,"['Thriller', 'Action', 'Science Fiction']",g13ceurNcgI,"Astronauts search for solutions to save a dying Earth by searching on Mars, only to have the mission go terribly awry.",https://www.youtube.com/watch?v=g13ceurNcgI,"['planet mars', 'future', 'robot', 'astronaut', 'science', 'catastrophe']",14.751,654,5.6,4725
1954,The Butterfly Effect,2004-01-22,"['Science Fiction', 'Thriller']",B8_dgqfPXFg,"A young man struggles to access sublimated childhood memories. He finds a technique that allows him to travel back into the past, to occupy his childhood body and change history. However, he soon finds that every change he makes has unexpected consequences.",https://www.youtube.com/watch?v=B8_dgqfPXFg,"['prison', 'child abuse', 'amnesia', 'chaos theory', 'blackout', 'trauma', 'time travel', 'love', 'mind control', 'flashback', 'bully', 'memory loss', 'violence', 'therapy']",26.934,5274,7.5,4962
12096,The Pink Panther,2006-02-10,"['Comedy', 'Family', 'Mystery', 'Crime', 'Adventure', 'Action']",dKxgj5FxmZo,"When the coach of the France soccer team is killed by a poisoned dart in the stadium in the end of a game, and his expensive and huge ring with the diamond Pink Panther disappears, the ambitious Chief Inspector Dreyfus assigns the worst police inspector Jacques Clouseau to the case.",https://www.youtube.com/watch?v=dKxgj5FxmZo,"['paris, france', 'france', 'robbery', 'diamond', 'investigation', 'inspector', 'football (soccer)', 'killer', 'clouseau', 'pink panther', 'murder hunt']",16.011,1366,5.8,4440
22821,The Boondock Saints II: All Saints Day,2009-11-24,"['Action', 'Thriller', 'Crime']",h93ezXUz_iU,"Skillfully framed by an unknown enemy for the murder of a priest, wanted vigilante MacManus brothers Murphy and Connor must come out of hiding on a sheep farm in Ireland to fight for justice in Boston.",https://www.youtube.com/watch?v=h93ezXUz_iU,"['boston, massachusetts', 'sheep', 'friendship', 'sequel', 'revenge', 'ireland']",10.845999999999998,508,6.0,4950
1833,Rent,2005-11-17,"['Drama', 'Romance']",BH0MLyu6HjY,"This rock opera tells the story of one year in the life of a group of bohemians struggling in modern day East Village, New York, USA. The story centers around Mark and Roger, two roommates. While a former tragedy has made Roger numb to life, Mark tries to capture it through his attempts to make a film. In the year that follows, the group deals with love, loss, HIV/AIDS, and modern day life.",https://www.youtube.com/watch?v=BH0MLyu6HjY,"['aids', 'musical', 'hiv', 'based on play or musical', 'telephone call', 'rock opera', 'missing person', 'mugging', 'manhattan, new york city']",11.921,418,6.8,4215
11683,Land of the Dead,2005-06-24,"['Horror', 'Science Fiction', 'Thriller']",atXJB9luiko,"The world is full of zombies and the survivors have barricaded themselves inside a walled city to keep out the living dead. As the wealthy hide out in skyscrapers and chaos rules the streets, the rest of the survivors must find a way to stop the evolving zombies from breaking into the city.",https://www.youtube.com/watch?v=atXJB9luiko,"['cage', 'dystopia', 'survivor', 'zombie', 'zombie apocalypse']",16.31,1008,6.2,4593
2757,Adaptation.,2002-12-06,"['Comedy', 'Crime', 'Drama']",BMwOEkTmTyQ,A love-lorn script writer grows increasingly desperate in his quest to adapt the book 'The Orchid Thief'.,https://www.youtube.com/watch?v=BMwOEkTmTyQ,"['alligator', 'marriage crisis', ""writer's block"", 'orchid', 'writer', 'twins']",14.147,1672,7.4,4374
11358,Walking Tall,2004-04-02,"['Adventure', 'Drama', 'Action', 'Thriller']",edR_niqKp1Q,"A former U.S. soldier returns to his hometown to find it overrun by crime and corruption, which prompts him to clean house.",https://www.youtube.com/watch?v=edR_niqKp1Q,[],19.347,1022,6.2,4602
