Unnamed: 0,keyf_num
yyywumlnhdw,4863
YV5s07zI-Bg,4311
XIizh6nYnTU,4539
TiRkJY3w-w4,4308
Ze8Gshk53Y8,4185
y7KT6lZjk3A,4464
vLkBUix_D3U,4143
Z-nyXX5zOLg,4224
YG_a8lw512A,4923
YrTXTb03Ixc,4989
Zl_h9RaL0es,4674
zSLGPdpd2d0,4986
WFJgUm7iOKw,4731
VYMqX3SKIGY,4092
XkyuV69YZcM,4260
unEO_p71cik,4596
uSbWTgIoz4g,4650
w8INBc01Zlo,4431
TQkG2x3qTf4,4488
txgGhyjPZGg,4374
SCTzYY95Aw4,4134
NkTrG-gpIzE,4329
oWJJGXvL7PM,4542
NeHDZODFKNw,4470
R_0Ej5N-hFQ,4323
SfoJx6t97RE,4230
SRRN6MvCdeg,4239
QE7CGX1d6LU,4341
RFuZhw5b1KA,4608
p4NJHqoojOU,4326
shbZOZmoyF0,4443
rvpsiIe2vBE,4077
ni4tEtuTccc,4443
RFL8b1p1ELY,4992
Q_2AbjYeSMI,4803
sE8hc4gVyGo,4344
NS3nTkvvHi8,4434
O92QxxgeCO8,4404
Teot5igj2mU,4965
rTL1FmvVCuA,4824
TdpR8VuvbCM,4146
KNbPnqyvItk,4992
JbTkdqYivuw,4878
ldbkr2eN6qk,4194
mObK5XD8udk,4347
mAk4Dxie3tc,4671
keZXGaDvK2s,4185
HSzx-zryEgM,4143
KR5UBtAxseo,4650
I3s-Ca73utM,4299
IFwE3UgCMIk,4482
iemU7EUQgmo,4035
IfcHoXTlMX0,4017
JYLdTuL9Wjw,4293
JIdw2B6zipc,4083
hXfbVIFc6t4,4095
mGQmSCQrKKQ,4404
j2vMvyQeb1U,4152
IN2AGZThL-8,4887
hk3Bzss8hYI,4302
LRIZ4mCi5Ps,4311
JeAgPiCi94o,4080
lFJywpD2PU4,4122
jSeXR0gQHQI,4791
fSeWHl1PaKs,4089
HddkucqSzSM,4563
eOL-wZSCn_g,4539
b0LiSIJIDgU,4608
hcFwqwmV38o,4476
BFwQSk6WWgQ,4485
g13ceurNcgI,4725
B8_dgqfPXFg,4962
dKxgj5FxmZo,4440
h93ezXUz_iU,4950
BH0MLyu6HjY,4215
atXJB9luiko,4593
BMwOEkTmTyQ,4374
edR_niqKp1Q,4602
